Workbook

Sheet Claude Log
A1: Turn # | B1: Date | C1: User Request | D1: Action Taken | E1: Details | F1: Outcome
A2: 1 | B2: 46120 | C2: Create a yearly vacation tracking sheet with a replacement person column | D2: Built vacation tracker with 10 columns: #, Employee, Department, Vacation Start/End, Days Taken, Annual Allowance, Days Remaining, Replacement Person, Status | E2: Days Taken uses =NETWORKDAYS() formula. Days Remaining = Allowance - Taken. Status has dropdown validation (Approved/Pending/Rejected) with conditional formatting. Added 10 sample employees across 5 departments. Summary section with totals and status counts. Froze header rows. | F2: Vacation Tracker sheet complete with sample data in A1:J13, summary in A15:D18. Ready for customization.
A3: 2 | B3: 46120 | C3: Add split vacation support (1 or 2 periods per person), overlap detection between employee and replacement, and a Gantt-style timeline chart | D3: Restructured tracker with Vacation 1 and Vacation 2 columns, added SUMPRODUCT-based overlap formula in column O, created stacked bar Gantt chart, updated summary with overlap count and split/single vacation stats | E3: Overlap formula uses SUMPRODUCT to check all 4 date-range overlap combinations (V1↔V1, V1↔V2, V2↔V1, V2↔V2) between employee and their named replacement. Chart built from hidden 'Timeline Data' sheet with invisible spacer bars. Days auto-calculated via NETWORKDAYS. Sample data: 5 employees with split vacations, 5 with single. Carlos↔Diana flagged as overlap (Jul 20-31 vs Jul 27-Aug 7). | F3: Vacation Tracker fully updated: A1:O13 data, A15:F18 summary, Gantt chart below. 2 overlaps correctly detected. Fixed number format on summary cells.

Sheet Vacation Tracker
A1: YEARLY VACATION TRACKER 2026
A3: # | B3: Employee Name | C3: Department | D3: Vacation 1 Start | E3: Vacation 1 End | F3: Days (V1) | G3: Vacation 2 Start | H3: Vacation 2 End | I3: Days (V2) | J3: Total Days | K3: Allowance | L3: Remaining | M3: Replacement | N3: Status | O3: ⚠ Overlap?
A4: 1 | B4: Amr Bahy | C4: Service | D4: 46083 | E4: 46087 | F4: =IF(D4="","",NETWORKDAYS(D4,E4)) -> 5 | G4: 46279 | H4: 46290 | I4: =IF(G4="","",NETWORKDAYS(G4,H4)) -> 10 | J4: =IF(F4="",0,F4)+IF(I4="",0,I4) -> 15 | K4: 20 | L4: =K4-J4 -> 5 | M4: Bob Smith | N4: Approved | O4: {=IF(M4="","",IF(SUMPRODUCT((B$4:B$13=M4)*(((D$4:D$13<>"")*( D$4:D$13<=E4)*(E$4:E$13>=D4))+((D$4:D$13<>"")*( G4<>"")*( D$4:D$13<=H4)*(E$4:E$13>=G4))+((G$4:G$13<>"")*( D4<>"")*( G$4:G$13<=E4)*(H$4:H$13>=D4))+((G$4:G$13<>"")*( G4<>"")*( G$4:G$13<=H4)*(H$4:H$13>=G4))))>0,"⚠ YES","✅ No"))} -> ✅ No
A5: 2 | B5: Karim | C5: Service | D5: 46188 | E5: 46199 | F5: =IF(D5="","",NETWORKDAYS(D5,E5)) -> 10 | I5: =IF(G5="","",NETWORKDAYS(G5,H5)) | J5: =IF(F5="",0,F5)+IF(I5="",0,I5) -> 10 | K5: 20 | L5: =K5-J5 -> 10 | M5: Alice Johnson | N5: Approved | O5: {=IF(M5="","",IF(SUMPRODUCT((B$4:B$13=M5)*(((D$4:D$13<>"")*( D$4:D$13<=E5)*(E$4:E$13>=D5))+((D$4:D$13<>"")*( G5<>"")*( D$4:D$13<=H5)*(E$4:E$13>=G5))+((G$4:G$13<>"")*( D5<>"")*( G$4:G$13<=E5)*(H$4:H$13>=D5))+((G$4:G$13<>"")*( G5<>"")*( G$4:G$13<=H5)*(H$4:H$13>=G5))))>0,"⚠ YES","✅ No"))} -> ✅ No
A6: 3 | B6: Ahmed Zayed | C6: Service | D6: 46223 | E6: 46234 | F6: =IF(D6="","",NETWORKDAYS(D6,E6)) -> 10 | G6: 46377 | H6: 46387 | I6: =IF(G6="","",NETWORKDAYS(G6,H6)) -> 9 | J6: =IF(F6="",0,F6)+IF(I6="",0,I6) -> 19 | K6: 25 | L6: =K6-J6 -> 6 | M6: Diana Lee | N6: Pending | O6: {=IF(M6="","",IF(SUMPRODUCT((B$4:B$13=M6)*(((D$4:D$13<>"")*( D$4:D$13<=E6)*(E$4:E$13>=D6))+((D$4:D$13<>"")*( G6<>"")*( D$4:D$13<=H6)*(E$4:E$13>=G6))+((G$4:G$13<>"")*( D6<>"")*( G$4:G$13<=E6)*(H$4:H$13>=D6))+((G$4:G$13<>"")*( G6<>"")*( G$4:G$13<=H6)*(H$4:H$13>=G6))))>0,"⚠ YES","✅ No"))} -> ✅ No
A7: 4 | B7: Hytham | C7: Service | D7: 46118 | E7: 46122 | F7: =IF(D7="","",NETWORKDAYS(D7,E7)) -> 5 | G7: 46230 | H7: 46241 | I7: =IF(G7="","",NETWORKDAYS(G7,H7)) -> 10 | J7: =IF(F7="",0,F7)+IF(I7="",0,I7) -> 15 | K7: 22 | L7: =K7-J7 -> 7 | M7: Carlos Rivera | N7: Approved | O7: {=IF(M7="","",IF(SUMPRODUCT((B$4:B$13=M7)*(((D$4:D$13<>"")*( D$4:D$13<=E7)*(E$4:E$13>=D7))+((D$4:D$13<>"")*( G7<>"")*( D$4:D$13<=H7)*(E$4:E$13>=G7))+((G$4:G$13<>"")*( D7<>"")*( G$4:G$13<=E7)*(H$4:H$13>=D7))+((G$4:G$13<>"")*( G7<>"")*( G$4:G$13<=H7)*(H$4:H$13>=G7))))>0,"⚠ YES","✅ No"))} -> ✅ No
A8: 5 | B8: Elrawy | C8: Service | D8: 46244 | E8: 46255 | F8: =IF(D8="","",NETWORKDAYS(D8,E8)) -> 10 | I8: =IF(G8="","",NETWORKDAYS(G8,H8)) | J8: =IF(F8="",0,F8)+IF(I8="",0,I8) -> 10 | K8: 20 | L8: =K8-J8 -> 10 | M8: Frank Wilson | N8: Approved | O8: {=IF(M8="","",IF(SUMPRODUCT((B$4:B$13=M8)*(((D$4:D$13<>"")*( D$4:D$13<=E8)*(E$4:E$13>=D8))+((D$4:D$13<>"")*( G8<>"")*( D$4:D$13<=H8)*(E$4:E$13>=G8))+((G$4:G$13<>"")*( D8<>"")*( G$4:G$13<=E8)*(H$4:H$13>=D8))+((G$4:G$13<>"")*( G8<>"")*( G$4:G$13<=H8)*(H$4:H$13>=G8))))>0,"⚠ YES","✅ No"))} -> ✅ No
A9: 6 | B9: Mohammed Ibrahim | C9: Service | D9: 46377 | E9: 46387 | F9: =IF(D9="","",NETWORKDAYS(D9,E9)) -> 9 | I9: =IF(G9="","",NETWORKDAYS(G9,H9)) | J9: =IF(F9="",0,F9)+IF(I9="",0,I9) -> 9 | K9: 20 | L9: =K9-J9 -> 11 | M9: Eva Martinez | N9: Pending | O9: {=IF(M9="","",IF(SUMPRODUCT((B$4:B$13=M9)*(((D$4:D$13<>"")*( D$4:D$13<=E9)*(E$4:E$13>=D9))+((D$4:D$13<>"")*( G9<>"")*( D$4:D$13<=H9)*(E$4:E$13>=G9))+((G$4:G$13<>"")*( D9<>"")*( G$4:G$13<=E9)*(H$4:H$13>=D9))+((G$4:G$13<>"")*( G9<>"")*( G$4:G$13<=H9)*(H$4:H$13>=G9))))>0,"⚠ YES","✅ No"))} -> ✅ No
A10: 7 | B10: Khaled | C10: Service | D10: 46153 | E10: 46157 | F10: =IF(D10="","",NETWORKDAYS(D10,E10)) -> 5 | G10: 46335 | H10: 46339 | I10: =IF(G10="","",NETWORKDAYS(G10,H10)) -> 5 | J10: =IF(F10="",0,F10)+IF(I10="",0,I10) -> 10 | K10: 18 | L10: =K10-J10 -> 8 | M10: Henry Park | N10: Approved | O10: {=IF(M10="","",IF(SUMPRODUCT((B$4:B$13=M10)*(((D$4:D$13<>"")*( D$4:D$13<=E10)*(E$4:E$13>=D10))+((D$4:D$13<>"")*( G10<>"")*( D$4:D$13<=H10)*(E$4:E$13>=G10))+((G$4:G$13<>"")*( D10<>"")*( G$4:G$13<=E10)*(H$4:H$13>=D10))+((G$4:G$13<>"")*( G10<>"")*( G$4:G$13<=H10)*(H$4:H$13>=G10))))>0,"⚠ YES","✅ No"))} -> ✅ No
A11: 8 | B11: Tankala | C11: Service | D11: 46266 | E11: 46277 | F11: =IF(D11="","",NETWORKDAYS(D11,E11)) -> 9 | I11: =IF(G11="","",NETWORKDAYS(G11,H11)) | J11: =IF(F11="",0,F11)+IF(I11="",0,I11) -> 9 | K11: 18 | L11: =K11-J11 -> 9 | M11: Grace Kim | N11: Approved | O11: {=IF(M11="","",IF(SUMPRODUCT((B$4:B$13=M11)*(((D$4:D$13<>"")*( D$4:D$13<=E11)*(E$4:E$13>=D11))+((D$4:D$13<>"")*( G11<>"")*( D$4:D$13<=H11)*(E$4:E$13>=G11))+((G$4:G$13<>"")*( D11<>"")*( G$4:G$13<=E11)*(H$4:H$13>=D11))+((G$4:G$13<>"")*( G11<>"")*( G$4:G$13<=H11)*(H$4:H$13>=G11))))>0,"⚠ YES","✅ No"))} -> ✅ No
A12: 9 | B12: Bharat | C12: Service | D12: 46328 | E12: 46332 | F12: =IF(D12="","",NETWORKDAYS(D12,E12)) -> 5 | I12: =IF(G12="","",NETWORKDAYS(G12,H12)) | J12: =IF(F12="",0,F12)+IF(I12="",0,I12) -> 5 | K12: 22 | L12: =K12-J12 -> 17 | M12: James Tanaka | N12: Pending | O12: {=IF(M12="","",IF(SUMPRODUCT((B$4:B$13=M12)*(((D$4:D$13<>"")*( D$4:D$13<=E12)*(E$4:E$13>=D12))+((D$4:D$13<>"")*( G12<>"")*( D$4:D$13<=H12)*(E$4:E$13>=G12))+((G$4:G$13<>"")*( D12<>"")*( G$4:G$13<=E12)*(H$4:H$13>=D12))+((G$4:G$13<>"")*( G12<>"")*( G$4:G$13<=H12)*(H$4:H$13>=G12))))>0,"⚠ YES","✅ No"))} -> ✅ No
A13: 10 | B13: Akash | C13: Service | D13: 46069 | E13: 46073 | F13: =IF(D13="","",NETWORKDAYS(D13,E13)) -> 5 | G13: 46237 | H13: 46241 | I13: =IF(G13="","",NETWORKDAYS(G13,H13)) -> 5 | J13: =IF(F13="",0,F13)+IF(I13="",0,I13) -> 10 | K13: 22 | L13: =K13-J13 -> 12 | M13: Irene Chen | N13: Approved | O13: {=IF(M13="","",IF(SUMPRODUCT((B$4:B$13=M13)*(((D$4:D$13<>"")*( D$4:D$13<=E13)*(E$4:E$13>=D13))+((D$4:D$13<>"")*( G13<>"")*( D$4:D$13<=H13)*(E$4:E$13>=G13))+((G$4:G$13<>"")*( D13<>"")*( G$4:G$13<=E13)*(H$4:H$13>=D13))+((G$4:G$13<>"")*( G13<>"")*( G$4:G$13<=H13)*(H$4:H$13>=G13))))>0,"⚠ YES","✅ No"))} -> ✅ No
A15: SUMMARY
A16: Total Employees | B16: =COUNTA(B4:B13) -> 10 | C16: Total Days Used | D16: =SUM(J4:J13) -> 112 | E16: Overlaps Found | F16: =COUNTIF(O4:O13,"*YES*") -> 0
A17: Approved | B17: =COUNTIF(N4:N13,"Approved") -> 7 | C17: Avg Days / Person | D17: =ROUND(SUM(J4:J13)/COUNTA(B4:B13),1) -> 11.2 | E17: Split Vacations | F17: =COUNTIF(G4:G13,"<>") -> 5
A18: Pending | B18: =COUNTIF(N4:N13,"Pending") -> 3 | C18: Total Allowance | D18: =SUM(K4:K13) -> 207 | E18: Single Vacations | F18: =COUNTA(B4:B13)-COUNTIF(G4:G13,"<>") -> 5
A20: LEGEND: | B20: 🟦 Vacation 1 | C20: 🟧 Vacation 2 | D20: ✅ No Overlap | E20: ⚠ Overlap Detected
A21: ℹ️ Vacation 2 columns are optional. Leave blank for single vacation. Days auto-calculated via NETWORKDAYS (excl. weekends). Blue values are editable inputs.

Sheet Timeline Data
A1: Employee | B1: Before V1 | C1: Vacation 1 | D1: Gap | E1: Vacation 2
A2: ='Vacation Tracker'!#REF! -> #REF! | B2: =IF('Vacation Tracker'!D4="",0,'Vacation Tracker'!D4-DATE(2026,1,1)) -> 60 | C2: =IF('Vacation Tracker'!D4="",0,'Vacation Tracker'!E4-'Vacation Tracker'!D4+1) -> 5 | D2: =IF('Vacation Tracker'!G4="",0,'Vacation Tracker'!G4-'Vacation Tracker'!E4-1) -> 191 | E2: =IF('Vacation Tracker'!G4="",0,'Vacation Tracker'!H4-'Vacation Tracker'!G4+1) -> 12
A3: ='Vacation Tracker'!B4 -> Amr Bahy | B3: =IF('Vacation Tracker'!D5="",0,'Vacation Tracker'!D5-DATE(2026,1,1)) -> 165 | C3: =IF('Vacation Tracker'!D5="",0,'Vacation Tracker'!E5-'Vacation Tracker'!D5+1) -> 12 | D3: =IF('Vacation Tracker'!G5="",0,'Vacation Tracker'!G5-'Vacation Tracker'!E5-1) -> 0 | E3: =IF('Vacation Tracker'!G5="",0,'Vacation Tracker'!H5-'Vacation Tracker'!G5+1) -> 0 | F3: Vacation 2
A4: ='Vacation Tracker'!B5 -> Karim | B4: =IF('Vacation Tracker'!D6="",0,'Vacation Tracker'!D6-DATE(2026,1,1)) -> 200 | C4: =IF('Vacation Tracker'!D6="",0,'Vacation Tracker'!E6-'Vacation Tracker'!D6+1) -> 12 | D4: =IF('Vacation Tracker'!G6="",0,'Vacation Tracker'!G6-'Vacation Tracker'!E6-1) -> 142 | E4: =IF('Vacation Tracker'!G6="",0,'Vacation Tracker'!H6-'Vacation Tracker'!G6+1) -> 11 | F4: =IF('Vacation Tracker'!H6="",0,'Vacation Tracker'!I6-'Vacation Tracker'!H6+1) -> -46377
A5: ='Vacation Tracker'!B6 -> Ahmed Zayed | B5: =IF('Vacation Tracker'!D7="",0,'Vacation Tracker'!D7-DATE(2026,1,1)) -> 95 | C5: =IF('Vacation Tracker'!D7="",0,'Vacation Tracker'!E7-'Vacation Tracker'!D7+1) -> 5 | D5: =IF('Vacation Tracker'!G7="",0,'Vacation Tracker'!G7-'Vacation Tracker'!E7-1) -> 107 | E5: =IF('Vacation Tracker'!G7="",0,'Vacation Tracker'!H7-'Vacation Tracker'!G7+1) -> 12
A6: ='Vacation Tracker'!B7 -> Hytham | B6: =IF('Vacation Tracker'!D8="",0,'Vacation Tracker'!D8-DATE(2026,1,1)) -> 221 | C6: =IF('Vacation Tracker'!D8="",0,'Vacation Tracker'!E8-'Vacation Tracker'!D8+1) -> 12 | D6: =IF('Vacation Tracker'!G8="",0,'Vacation Tracker'!G8-'Vacation Tracker'!E8-1) -> 0 | E6: =IF('Vacation Tracker'!G8="",0,'Vacation Tracker'!H8-'Vacation Tracker'!G8+1) -> 0
A7: ='Vacation Tracker'!B8 -> Elrawy | B7: =IF('Vacation Tracker'!D9="",0,'Vacation Tracker'!D9-DATE(2026,1,1)) -> 354 | C7: =IF('Vacation Tracker'!D9="",0,'Vacation Tracker'!E9-'Vacation Tracker'!D9+1) -> 11 | D7: =IF('Vacation Tracker'!G9="",0,'Vacation Tracker'!G9-'Vacation Tracker'!E9-1) -> 0 | E7: =IF('Vacation Tracker'!G9="",0,'Vacation Tracker'!H9-'Vacation Tracker'!G9+1) -> 0
A8: ='Vacation Tracker'!B10 -> Khaled | B8: =IF('Vacation Tracker'!D10="",0,'Vacation Tracker'!D10-DATE(2026,1,1)) -> 130 | C8: =IF('Vacation Tracker'!D10="",0,'Vacation Tracker'!E10-'Vacation Tracker'!D10+1) -> 5 | D8: =IF('Vacation Tracker'!G10="",0,'Vacation Tracker'!G10-'Vacation Tracker'!E10-1) -> 177 | E8: =IF('Vacation Tracker'!G10="",0,'Vacation Tracker'!H10-'Vacation Tracker'!G10+1) -> 5
A9: ='Vacation Tracker'!B11 -> Tankala | B9: =IF('Vacation Tracker'!D11="",0,'Vacation Tracker'!D11-DATE(2026,1,1)) -> 243 | C9: =IF('Vacation Tracker'!D11="",0,'Vacation Tracker'!E11-'Vacation Tracker'!D11+1) -> 12 | D9: =IF('Vacation Tracker'!G11="",0,'Vacation Tracker'!G11-'Vacation Tracker'!E11-1) -> 0 | E9: =IF('Vacation Tracker'!G11="",0,'Vacation Tracker'!H11-'Vacation Tracker'!G11+1) -> 0
A10: ='Vacation Tracker'!B12 -> Bharat | B10: =IF('Vacation Tracker'!D12="",0,'Vacation Tracker'!D12-DATE(2026,1,1)) -> 305 | C10: =IF('Vacation Tracker'!D12="",0,'Vacation Tracker'!E12-'Vacation Tracker'!D12+1) -> 5 | D10: =IF('Vacation Tracker'!G12="",0,'Vacation Tracker'!G12-'Vacation Tracker'!E12-1) -> 0 | E10: =IF('Vacation Tracker'!G12="",0,'Vacation Tracker'!H12-'Vacation Tracker'!G12+1) -> 0
A11: ='Vacation Tracker'!B13 -> Akash | B11: =IF('Vacation Tracker'!D13="",0,'Vacation Tracker'!D13-DATE(2026,1,1)) -> 46 | C11: =IF('Vacation Tracker'!D13="",0,'Vacation Tracker'!E13-'Vacation Tracker'!D13+1) -> 5 | D11: =IF('Vacation Tracker'!G13="",0,'Vacation Tracker'!G13-'Vacation Tracker'!E13-1) -> 163 | E11: =IF('Vacation Tracker'!G13="",0,'Vacation Tracker'!H13-'Vacation Tracker'!G13+1) -> 5
B12: ='Vacation Tracker'!C14 -> 0
B13: ='Vacation Tracker'!C15 -> 0
